cc,flag,name_en,name_ko,name_ja,population,worldometer_title
CN,ğŸ‡¨ğŸ‡³,China,ì¤‘êµ­,ä¸­å›½,1439323776,China
KR,ğŸ‡°ğŸ‡·,South Korea,ëŒ€í•œë¯¼êµ­,éŸ“å›½,51269185,S. Korea
IR,ğŸ‡®ğŸ‡·,Iran,ì´ë€,ã‚¤ãƒ©ãƒ³,83992949,Iran
IT,ğŸ‡®ğŸ‡¹,Italy,ì´íƒˆë¦¬ì•„,ã‚¤ã‚¿ãƒªã‚¢,60461826,Italy
JP,ğŸ‡¯ğŸ‡µ,Japan,ì¼ë³¸,æ—¥æœ¬,126476461,Japan
FR,ğŸ‡«ğŸ‡·,France,í”„ë‘ìŠ¤,ãƒ•ãƒ©ãƒ³ã‚¹,65273511,France
DE,ğŸ‡©ğŸ‡ª,Germany,ë…ì¼,ãƒ‰ã‚¤ãƒ„,83783942,Germany
ES,ğŸ‡ªğŸ‡¸,Spain,ìŠ¤í˜ì¸,ã‚¹ãƒšã‚¤ãƒ³,46754778,Spain
SG,ğŸ‡¸ğŸ‡¬,Singapore,ì‹±ê°€í¬ë¥´,ã‚·ãƒ³ã‚¬ãƒãƒ¼ãƒ«,5850342,Singapore
US,ğŸ‡ºğŸ‡¸,USA,ë¯¸êµ­,ã‚¢ãƒ¡ãƒªã‚«,331002651,USA
HK,ğŸ‡­ğŸ‡°,Hong Kong,í™ì½©,é¦™æ¸¯,7496981,Hong Kong
KW,ğŸ‡°ğŸ‡¼,Kuwait,ì¿ ì›¨ì´íŠ¸,ã‚¯ã‚¦ã‚§ãƒ¼ãƒˆ,4270571,Kuwait
GB,ğŸ‡¬ğŸ‡§,UK,ì˜êµ­,ã‚¤ã‚®ãƒªã‚¹,67886011,UK
BH,ğŸ‡§ğŸ‡­,Bahrain,ë°”ë ˆì¸,ãƒãƒ¼ãƒ¬ãƒ¼ãƒ³,1701575,Bahrain
CH,ğŸ‡¨ğŸ‡­,Switzerland,ìŠ¤ìœ„ìŠ¤,ã‚¹ã‚¤ã‚¹,8654622,Switzerland
TH,ğŸ‡¹ğŸ‡­,Thailand,íƒœêµ­,ã‚¿ã‚¤,69799978,Thailand
TW,ğŸ‡¹ğŸ‡¼,Taiwan,ëŒ€ë§Œ,å°æ¹¾,23816775,Taiwan
AU,ğŸ‡¦ğŸ‡º,Australia,í˜¸ì£¼,ã‚ªãƒ¼ã‚¹ãƒˆãƒ©ãƒªã‚¢,25499884,Australia
MY,ğŸ‡²ğŸ‡¾,Malaysia,ë§ë ˆì´ì‹œì•„,ãƒãƒ¬ãƒ¼ã‚·ã‚¢,32365999,Malaysia
NO,ğŸ‡³ğŸ‡´,Norway,ë…¸ë¥´ì›¨ì´,ãƒãƒ«ã‚¦ã‚§ãƒ¼,5421241,Norway
CA,ğŸ‡¨ğŸ‡¦,Canada,ìºë‚˜ë‹¤,ã‚«ãƒŠãƒ€,37742154,Canada
IQ,ğŸ‡®ğŸ‡¶,Iraq,ì´ë¼í¬,ã‚¤ãƒ©ã‚¯,40222493,Iraq
AT,ğŸ‡¦ğŸ‡¹,Austria,ì˜¤ìŠ¤íŠ¸ë¦¬ì•„,ã‚ªãƒ¼ã‚¹ãƒˆãƒªã‚¢,9006398,Austria
NL,ğŸ‡³ğŸ‡±,Netherlands,ë„¤ëœë€ë“œ,ã‚ªãƒ©ãƒ³ãƒ€,17134872,Netherlands
SE,ğŸ‡¸ğŸ‡ª,Sweden,ìŠ¤ì›¨ë´,ã‚¹ã‚¦ã‚§ãƒ¼ãƒ‡ãƒ³,10099265,Sweden
AE,ğŸ‡¦ğŸ‡ª,UAE,ì•„ëì—ë¯¸ë ˆì´íŠ¸,ã‚¢ãƒ©ãƒ–é¦–é•·å›½é€£é‚¦,9890402,UAE
VN,ğŸ‡»ğŸ‡³,Vietnam,ë² íŠ¸ë‚¨,ãƒ™ãƒˆãƒŠãƒ ,97338579,Vietnam
BE,ğŸ‡§ğŸ‡ª,Belgium,ë²¨ê¸°ì—,ãƒ™ãƒ«ã‚®ãƒ¼,11589623,Belgium
LB,ğŸ‡±ğŸ‡§,Lebanon,ë ˆë°”ë…¼,ãƒ¬ãƒãƒãƒ³,6825445,Lebanon
IL,ğŸ‡®ğŸ‡±,Israel,ì´ìŠ¤ë¼ì—˜,ã‚¤ã‚¹ãƒ©ã‚¨ãƒ«,8655535,Israel
OM,ğŸ‡´ğŸ‡²,Oman,ì˜¤ë§Œ,ã‚ªãƒãƒ¼ãƒ³,5106626,Oman
IS,ğŸ‡®ğŸ‡¸,Iceland,ì•„ì´ìŠ¬ë€ë“œ,ã‚¢ã‚¤ã‚¹ãƒ©ãƒ³ãƒ‰,341243,Iceland
SM,ğŸ‡¸ğŸ‡²,San Marino,ì‚°ë§ˆë¦¬ë…¸,ã‚µãƒ³ãƒãƒªãƒ,33931,San Marino
MO,ğŸ‡²ğŸ‡´,Macao,ë§ˆì¹´ì˜¤,ãƒã‚«ã‚ª,649335,Macao
HR,ğŸ‡­ğŸ‡·,Croatia,í¬ë¡œì•„í‹°ì•„,ã‚¯ãƒ­ã‚¢ãƒã‚¢å…±å’Œå›½,4105267,Croatia
QA,ğŸ‡¶ğŸ‡¦,Qatar,ì¹´íƒ€ë¥´,ã‚«ã‚¿ãƒ¼ãƒ«,2881053,Qatar
EC,ğŸ‡ªğŸ‡¨,Ecuador,ì—ì½°ë„ë¥´,ã‚¨ã‚¯ã‚¢ãƒ‰ãƒ«,17643054,Ecuador
FI,ğŸ‡«ğŸ‡®,Finland,í•€ë€ë“œ,ãƒ•ã‚£ãƒ³ãƒ©ãƒ³ãƒ‰,5540720,Finland
GR,ğŸ‡¬ğŸ‡·,Greece,ê·¸ë¦¬ìŠ¤,ã‚®ãƒªã‚·ãƒ£,10423054,Greece
DK,ğŸ‡©ğŸ‡°,Denmark,ë´ë§ˆí¬,ãƒ‡ãƒ³ãƒãƒ¼ã‚¯,5792202,Denmark
IN,ğŸ‡®ğŸ‡³,India,ì¸ë„,ã‚¤ãƒ³ãƒ‰,1380004385,India
MX,ğŸ‡²ğŸ‡½,Mexico,ë©•ì‹œì½”,ãƒ¡ã‚­ã‚·ã‚³,128932753,Mexico
DZ,ğŸ‡©ğŸ‡¿,Algeria,ì•Œì œë¦¬,ã‚¢ãƒ«ã‚¸ã‚§ãƒªã‚¢,43851044,Algeria
CZ,ğŸ‡¨ğŸ‡¿,Czechia,ì²´ì½”,ãƒã‚§ã‚³,10708981,Czechia
PK,ğŸ‡µğŸ‡°,Pakistan,íŒŒí‚¤ìŠ¤íƒ„,ãƒ‘ã‚­ã‚¹ã‚¿ãƒ³,220892340,Pakistan
RO,ğŸ‡·ğŸ‡´,Romania,ë£¨ë§ˆë‹ˆì•„,ãƒ«ãƒ¼ãƒãƒ‹ã‚¢,19237691,Romania
PH,ğŸ‡µğŸ‡­,Philippines,í•„ë¦¬í•€,ãƒ•ã‚£ãƒªãƒ”ãƒ³,109581078,Philippines
AZ,ğŸ‡¦ğŸ‡¿,Azerbaijan,ì•„ì œë¥´ë°”ì´ì”,ã‚¢ã‚¼ãƒ«ãƒã‚¤ã‚¸ãƒ£ãƒ³,10139177,Azerbaijan
GE,ğŸ‡¬ğŸ‡ª,Georgia,ì¡°ì§€ì•„,ã‚¸ãƒ§ãƒ¼ã‚¸ã‚¢,3989167,Georgia
RU,ğŸ‡·ğŸ‡º,Russia,ëŸ¬ì‹œì•„,ãƒ­ã‚·ã‚¢,145934462,Russia
BR,ğŸ‡§ğŸ‡·,Brazil,ë¸Œë¼ì§ˆ,ãƒ–ãƒ©ã‚¸ãƒ«,212559417,Brazil
EG,ğŸ‡ªğŸ‡¬,Egypt,ì´ì§‘íŠ¸,ã‚¨ã‚¸ãƒ—ãƒˆ,102334404,Egypt
ID,ğŸ‡®ğŸ‡©,Indonesia,ì¸ë„ë„¤ì‹œì•„,ã‚¤ãƒ³ãƒ‰ãƒã‚·ã‚¢,273523615,Indonesia
PT,ğŸ‡µğŸ‡¹,Portugal,í¬ë¥´íˆ¬ê°ˆ,ãƒãƒ«ãƒˆã‚¬ãƒ«,10196709,Portugal
AF,ğŸ‡¦ğŸ‡«,Afghanistan,ì•„í”„ê°€ë‹ˆìŠ¤íƒ„,ã‚¢ãƒ•ã‚¬ãƒ‹ã‚¹ã‚¿ãƒ³,38928346,Afghanistan
AD,ğŸ‡¦ğŸ‡©,Andorra,ì•ˆë„ë¼,ã‚¢ãƒ³ãƒ‰ãƒ©,77265,Andorra
AM,ğŸ‡¦ğŸ‡²,Armenia,ì•„ë¥´ë©”ë‹ˆì•„,ã‚¢ãƒ«ãƒ¡ãƒ‹ã‚¢,2963243,Armenia
BY,ğŸ‡§ğŸ‡¾,Belarus,ë²¨ë¼ë£¨ìŠ¤,ãƒ™ãƒ©ãƒ«ãƒ¼ã‚·,9449323,Belarus
KH,ğŸ‡°ğŸ‡­,Cambodia,ìº„ë³´ë””ì•„,ã‚«ãƒ³ãƒœã‚¸ã‚¢,16718965,Cambodia
DO,ğŸ‡©ğŸ‡´,Dominican Republic,ë„ë¯¸ë‹ˆì¹´ ê³µí™”êµ­,ãƒ‰ãƒŸãƒ‹ã‚«å…±å’Œå›½,10847910,Dominican Republic
EE,ğŸ‡ªğŸ‡ª,Estonia,ì—ìŠ¤í† ë‹ˆì•„,ã‚¨ã‚¹ãƒˆãƒ‹ã‚¢,1326535,Estonia
IE,ğŸ‡®ğŸ‡ª,Ireland,ì•„ì¼ëœë“œ,ã‚¢ã‚¤ãƒ«ãƒ©ãƒ³ãƒ‰,4937786,Ireland
JO,ğŸ‡¯ğŸ‡´,Jordan,ìš”ë¥´ë‹¨,ãƒ¨ãƒ«ãƒ€ãƒ³,10203134,Jordan
LV,ğŸ‡±ğŸ‡»,Latvia,ë¼íŠ¸ë¹„ì•„,ãƒ©ãƒˆãƒ“ã‚¢,1886198,Latvia
LT,ğŸ‡±ğŸ‡¹,Lithuania,ë¦¬íˆ¬ì•„ë‹ˆì•„,ãƒªãƒˆã‚¢ãƒ‹ã‚¢,2722289,Lithuania
LU,ğŸ‡±ğŸ‡º,Luxembourg,ë£©ì…ˆë¶€ë¥´í¬,ãƒ«ã‚¯ã‚»ãƒ³ãƒ–ãƒ«ã‚¯,625978,Luxembourg
MK,ğŸ‡²ğŸ‡°,North Macedonia,ë¶ë§ˆì¼€ë„ë‹ˆì•„,åŒ—ãƒã‚±ãƒ‰ãƒ‹ã‚¢,2083374,North Macedonia
MC,ğŸ‡²ğŸ‡¨,Monaco,ëª¨ë‚˜ì½”,ãƒ¢ãƒŠã‚³,39242,Monaco
MA,ğŸ‡²ğŸ‡¦,Morocco,ëª¨ë¡œì½”,ãƒ¢ãƒ­ãƒƒã‚³,36910560,Morocco
NP,ğŸ‡³ğŸ‡µ,Nepal,ë„¤íŒ”,ãƒãƒ‘ãƒ¼ãƒ«,29136808,Nepal
NZ,ğŸ‡³ğŸ‡¿,New Zealand,ë‰´ì§ˆëœë“œ,ãƒ‹ãƒ¥ãƒ¼ã‚¸ãƒ¼ãƒ©ãƒ³ãƒ‰,4822233,New Zealand
NG,ğŸ‡³ğŸ‡¬,Nigeria,ë‚˜ì´ì§€ë¦¬ì•„,ãƒŠã‚¤ã‚¸ã‚§ãƒªã‚¢,206139589,Nigeria
SA,ğŸ‡¸ğŸ‡¦,Saudi Arabia,ì‚¬ìš°ë””ì•„ë¼ë¹„ì•„,ã‚µã‚¦ã‚¸ã‚¢ãƒ©ãƒ“ã‚¢,34813871,Saudi Arabia
SN,ğŸ‡¸ğŸ‡³,Senegal,ì„¸ë„¤ê°ˆ,ã‚»ãƒã‚¬ãƒ«,16743927,Senegal
LK,ğŸ‡±ğŸ‡°,Sri Lanka,ìŠ¤ë¦¬ë‘ì¹´,ã‚¹ãƒªãƒ©ãƒ³ã‚«,21413249,Sri Lanka
TN,ğŸ‡¹ğŸ‡³,Tunisia,íŠ€ë‹ˆì§€,ãƒãƒ¥ãƒ‹ã‚¸ã‚¢,11818619,Tunisia
UA,ğŸ‡ºğŸ‡¦,Ukraine,ìš°í¬ë¼ì´ë‚˜,ã‚¦ã‚¯ãƒ©ã‚¤ãƒŠ,43733762,Ukraine
AR,ğŸ‡¦ğŸ‡·,Argentina,ì•„ë¥´í—¨í‹°ë‚˜,ã‚¢ãƒ«ã‚¼ãƒ³ãƒãƒ³,45195774,Argentina
LI,ğŸ‡±ğŸ‡®,Liechtenstein,ë¦¬íˆí…ìŠˆíƒ€ì¸,ãƒªãƒ’ãƒ†ãƒ³ã‚·ãƒ¥ã‚¿ã‚¤ãƒ³,38128,Liechtenstein
PL,ğŸ‡µğŸ‡±,Poland,í´ë€ë“œ,ãƒãƒ¼ãƒ©ãƒ³ãƒ‰,37846611,Poland
CL,ğŸ‡¨ğŸ‡±,Chile,ì¹ ë ˆ,ãƒãƒª,19116201,Chile
HU,ğŸ‡­ğŸ‡º,Hungary,í—ê°€ë¦¬,ãƒãƒ³ã‚¬ãƒªãƒ¼,9660351,Hungary
FO,ğŸ‡«ğŸ‡´,Faeroe Islands,í˜ë¡œ ì œë„,ãƒ•ã‚§ãƒ­ãƒ¼è«¸å³¶,48863,Faeroe Islands
SI,ğŸ‡¸ğŸ‡®,Slovenia,ìŠ¬ë¡œë² ë‹ˆì•„,ã‚¹ãƒ­ãƒ™ãƒ‹ã‚¢,2078938,Slovenia
PS,ğŸ‡µğŸ‡¸,Palestine,íŒ”ë ˆìŠ¤íƒ€ì¸,ãƒ‘ãƒ¬ã‚¹ãƒãƒŠ,5101414,Palestine
BA,ğŸ‡§ğŸ‡¦,Bosnia and Herzegovina,ë³´ìŠ¤ë‹ˆì•„ í—¤ë¥´ì²´ê³ ë¹„ë‚˜,ãƒœã‚¹ãƒ‹ã‚¢ãƒ»ãƒ˜ãƒ«ãƒ„ã‚§ã‚´ãƒ“ãƒŠ,3280819,Bosnia and Herzegovina
ZA,ğŸ‡¿ğŸ‡¦,South Africa,ë‚¨ì•„í”„ë¦¬ì¹´ ê³µí™”êµ­,å—ã‚¢ãƒ•ãƒªã‚«å…±å’Œå›½,59308690,South Africa
CR,ğŸ‡¨ğŸ‡·,Costa Rica,ì½”ìŠ¤íƒ€ë¦¬ì¹´,ã‚³ã‚¹ã‚¿ãƒªã‚«,5094118,Costa Rica
GI,ğŸ‡¬ğŸ‡®,Gibraltar,ì§€ë¸Œë¡¤í„°,ã‚¸ãƒ–ãƒ©ãƒ«ã‚¿ãƒ«,33691,Gibraltar
BT,ğŸ‡§ğŸ‡¹,Bhutan,ë¶€íƒ„,ãƒ–ãƒ¼ã‚¿ãƒ³,771608,Bhutan
RS,ğŸ‡·ğŸ‡¸,Serbia,ì„¸ë¥´ë¹„ì•„,ã‚»ãƒ«ãƒ“ã‚¢,8737371,Serbia
SK,ğŸ‡¸ğŸ‡°,Slovakia,ìŠ¬ë¡œë°”í‚¤ì•„,ã‚¹ãƒ­ãƒã‚­ã‚¢,5459642,Slovakia
CM,ğŸ‡¨ğŸ‡²,Cameroon,ì¹´ë©”ë£¬,ã‚«ãƒ¡ãƒ«ãƒ¼ãƒ³,26545863,Cameroon
VA,ğŸ‡»ğŸ‡¦,Vatican City,ë°”í‹°ì¹¸ ì‹œêµ­,ãƒãƒã‚«ãƒ³å¸‚å›½,801,Vatican City
PE,ğŸ‡µğŸ‡ª,Peru,í˜ë£¨,ãƒšãƒ«ãƒ¼,32971854,Peru
TG,ğŸ‡¹ğŸ‡¬,Togo,í† ê³ ,ãƒˆãƒ¼ã‚´,8278724,Togo
CO,ğŸ‡¨ğŸ‡´,Colombia,ì½œë¡¬ë¹„ì•„,ã‚³ãƒ­ãƒ³ãƒ“ã‚¢,50882891,Colombia
MT,ğŸ‡²ğŸ‡¹,Malta,ëª°íƒ€ ê³µí™”êµ­,ãƒãƒ«ã‚¿å…±å’Œå›½,441543,Malta
MV,ğŸ‡²ğŸ‡»,Maldives,ëª°ë””ë¸Œ,ãƒ¢ãƒ«ãƒ‡ã‚£ãƒ–,540544,Maldives
MD,ğŸ‡²ğŸ‡©,Moldova,ëª°ë„ë°”,ãƒ¢ãƒ«ãƒ‰ãƒ,4033963,Moldova
PY,ğŸ‡µğŸ‡¾,Paraguay,íŒŒë¼ê³¼ì´,ãƒ‘ãƒ©ã‚°ã‚¢ã‚¤,7132538,Paraguay
BG,ğŸ‡§ğŸ‡¬,Bulgaria,ë¶ˆê°€ë¦¬ì•„,ãƒ–ãƒ«ã‚¬ãƒªã‚¢,6948445,Bulgaria
GF,ğŸ‡¬ğŸ‡«,French Guiana,í”„ë‘ìŠ¤ë ¹ ê¸°ì•„ë‚˜,ãƒ•ãƒ©ãƒ³ã‚¹é ˜ã‚®ã‚¢ãƒŠ,298682,French Guiana
BD,ğŸ‡§ğŸ‡©,Bangladesh,ë°©ê¸€ë¼ë°ì‹œ,ãƒãƒ³ã‚°ãƒ©ãƒ‡ã‚·ãƒ¥,164689383,Bangladesh
AL,ğŸ‡¦ğŸ‡±,Albania,ì•Œë°”ë‹ˆì•„,ã‚¢ãƒ«ãƒãƒ‹ã‚¢,2877797,Albania
GY,ğŸ‡¬ğŸ‡¾,Guyana,ê°€ì´ì•„ë‚˜,ã‚¬ã‚¤ã‚¢ãƒŠ,786552,Guyana
MQ,ğŸ‡²ğŸ‡¶,Martinique,ë§ˆë¥´í‹°ë‹ˆí¬,ãƒãƒ«ãƒ†ã‚£ãƒ‹ãƒ¼ã‚¯,375265,Martinique
MN,ğŸ‡²ğŸ‡³,Mongolia,ëª½ê³¨,ãƒ¢ãƒ³ã‚´ãƒ«,3278290,Mongolia
CY,ğŸ‡¨ğŸ‡¾,Cyprus,í‚¤í”„ë¡œìŠ¤,ã‚­ãƒ—ãƒ­ã‚¹,1207359,Cyprus
BN,ğŸ‡§ğŸ‡³,Brunei,ë¸Œë£¨ë‚˜ì´,ãƒ–ãƒ«ãƒã‚¤,437479,Brunei
BF,ğŸ‡§ğŸ‡«,Burkina Faso,ë¶€ë¥´í‚¤ë‚˜íŒŒì†Œ,ãƒ–ãƒ«ã‚­ãƒŠãƒ»ãƒ•ã‚¡ã‚½,20903273,Burkina Faso
PA,ğŸ‡µğŸ‡¦,Panama,íŒŒë‚˜ë§ˆ,ãƒ‘ãƒŠãƒ,4314767,Panama
BL,ğŸ‡§ğŸ‡±,St. Barth,ìƒë°”ë¥´í…”ë ˆë¯¸,ã‚µãƒ³ãƒ»ãƒãƒ«ãƒ†ãƒ«ãƒŸãƒ¼å³¶,9877,St. Barth
SX,ğŸ‡¸ğŸ‡½,Sint Maarten,ì‹ íŠ¸ë§ˆë¥´í„´,ã‚·ãƒ³ãƒˆãƒ»ãƒãƒ¼ãƒ«ãƒ†ãƒ³,42876,Sint Maarten
BO,ğŸ‡§ğŸ‡´,Bolivia,ë³¼ë¦¬ë¹„ì•„,ãƒœãƒªãƒ“ã‚¢,11673021,Bolivia
CD,ğŸ‡¨ğŸ‡©,DRC,ì½©ê³ ë¯¼ì£¼ê³µí™”êµ­,ã‚³ãƒ³ã‚´æ°‘ä¸»å…±å’Œå›½,89561403,DRC
JM,ğŸ‡¯ğŸ‡²,Jamaica,ìë©”ì´ì¹´,ã‚¸ãƒ£ãƒã‚¤ã‚«,2961167,Jamaica
TR,ğŸ‡¹ğŸ‡·,Turkey,í„°í‚¤,ãƒˆãƒ«ã‚³,84339067,Turkey
HN,ğŸ‡­ğŸ‡³,Honduras,ì˜¨ë‘ë¼ìŠ¤,ãƒ›ãƒ³ã‚¸ãƒ¥ãƒ©ã‚¹,9904607,Honduras
CU,ğŸ‡¨ğŸ‡º,Cuba,ì¿ ë°”,ã‚­ãƒ¥ãƒ¼ãƒ,11326616,Cuba
RE,ğŸ‡·ğŸ‡ª,RÃ©union,ë ˆìœ„ë‹ˆì˜¹,ãƒ¬ãƒ¦ãƒ‹ã‚ªãƒ³,895312,RÃ©union
GH,ğŸ‡¬ğŸ‡­,Ghana,ê°€ë‚˜,ã‚¬ãƒ¼ãƒŠ,31072940,Ghana
CI,ğŸ‡¨ğŸ‡®,Ivory Coast,ì½”íŠ¸ë””ë¶€ì•„ë¥´,ã‚³ãƒ¼ãƒˆã‚¸ãƒœãƒ¯ãƒ¼ãƒ«,26378274,Ivory Coast
PF,ğŸ‡µğŸ‡«,French Polynesia,í”„ë‘ìŠ¤ë ¹ í´ë¦¬ë„¤ì‹œì•„,ãƒ•ãƒ©ãƒ³ã‚¹é ˜ãƒãƒªãƒã‚·ã‚¢,280908,French Polynesia
VC,ğŸ‡»ğŸ‡¨,St. Vincent Grenadines,ì„¸ì¸íŠ¸ë¹ˆì„¼íŠ¸ ê·¸ë ˆë‚˜ë”˜,ã‚»ãƒ³ãƒˆãƒ“ãƒ³ã‚»ãƒ³ãƒˆãƒ»ã‚°ãƒ¬ãƒŠãƒ‡ã‚£ãƒ¼ãƒ³è«¸å³¶,110940,St. Vincent Grenadines
TT,ğŸ‡¹ğŸ‡¹,Trinidad and Tobago,íŠ¸ë¦¬ë‹ˆë‹¤ë“œ í† ë°”ê³ ,ãƒˆãƒªãƒ‹ãƒ€ãƒ¼ãƒ‰ãƒ»ãƒˆãƒã‚´,1399488,Trinidad and Tobago
SR,ğŸ‡¸ğŸ‡·,Suriname,ìˆ˜ë¦¬ë‚¨,ã‚¹ãƒªãƒŠãƒ ,586632,Suriname
LC,ğŸ‡±ğŸ‡¨,Saint Lucia,ì„¸ì¸íŠ¸ë£¨ì‹œì•„,ã‚»ãƒ³ãƒˆãƒ«ã‚·ã‚¢,183627,Saint Lucia
CW,ğŸ‡¨ğŸ‡¼,CuraÃ§ao,í€´ë¼ì†Œ,ã‚­ãƒ¥ãƒ©ã‚½ãƒ¼,164093,CuraÃ§ao
MR,ğŸ‡²ğŸ‡·,Mauritania,ëª¨ë¦¬íƒ€ë‹ˆ,ãƒ¢ãƒ¼ãƒªã‚¿ãƒ‹ã‚¢,4649658,Mauritania
KE,ğŸ‡°ğŸ‡ª,Kenya,ì¼€ëƒ,ã‚±ãƒ‹ã‚¢,53771296,Kenya
PR,ğŸ‡µğŸ‡·,Puerto Rico,í‘¸ì—ë¥´í† ë¦¬ì½”,ãƒ—ã‚¨ãƒ«ãƒˆãƒªã‚³,2860853,Puerto Rico
AW,ğŸ‡¦ğŸ‡¼,Aruba,ì•„ë£¨ë°”,ã‚¢ãƒ«ãƒ,106766,Aruba
UY,ğŸ‡ºğŸ‡¾,Uruguay,ìš°ë£¨ê³¼ì´,ã‚¦ãƒ«ã‚°ã‚¢ã‚¤,3473730,Uruguay
GT,ğŸ‡¬ğŸ‡¹,Guatemala,ê³¼í…Œë§ë¼,ã‚°ã‚¢ãƒ†ãƒãƒ©,17915568,Guatemala
VE,ğŸ‡»ğŸ‡ª,Venezuela,ë² ë„¤ìˆ˜ì—˜ë¼,ãƒ™ãƒã‚ºã‚¨ãƒ©,28435940,Venezuela
AG,ğŸ‡¦ğŸ‡¬,Antigua and Barbuda,ì•¤í‹°ê°€ ë°”ë¶€ë‹¤,ã‚¢ãƒ³ãƒ†ã‚£ã‚°ã‚¢ãƒ»ãƒãƒ¼ãƒ–ãƒ¼ãƒ€,97929,Antigua and Barbuda
ET,ğŸ‡ªğŸ‡¹,Ethiopia,ì—í‹°ì˜¤í”¼ì•„,ã‚¨ãƒã‚ªãƒ”ã‚¢,114963588,Ethiopia
SD,ğŸ‡¸ğŸ‡©,Sudan,ìˆ˜ë‹¨,ã‚¹ãƒ¼ãƒ€ãƒ³,43849260,Sudan
GN,ğŸ‡¬ğŸ‡³,Guinea,ê¸°ë‹ˆ,ã‚®ãƒ‹ã‚¢,13132795,Guinea
GA,ğŸ‡¬ğŸ‡¦,Gabon,ê°€ë´‰,ã‚¬ãƒœãƒ³,2225734,Gabon
GP,ğŸ‡¬ğŸ‡µ,Guadeloupe,ê³¼ë“¤ë£¨í”„,ã‚°ã‚¢ãƒ‰ãƒ«ãƒ¼ãƒ—,400124,Guadeloupe
KY,ğŸ‡°ğŸ‡¾,Cayman Islands,ì¼€ì´ë§¨ ì œë„,ã‚±ã‚¤ãƒãƒ³è«¸å³¶,65722,Cayman Islands
KZ,ğŸ‡°ğŸ‡¿,Kazakhstan,ì¹´ìíìŠ¤íƒ„,ã‚«ã‚¶ãƒ•ã‚¹ã‚¿ãƒ³,18776707,Kazakhstan
SZ,ğŸ‡¸ğŸ‡¿,Eswatini,ì—ìŠ¤ì™€í‹°ë‹ˆ,ã‚¨ã‚¹ãƒ¯ãƒ†ã‚£ãƒ‹,1160164,Eswatini
NA,ğŸ‡³ğŸ‡¦,Namibia,ë‚˜ë¯¸ë¹„ì•„,ãƒŠãƒŸãƒ“ã‚¢,2540905,Namibia
SC,ğŸ‡¸ğŸ‡¨,Seychelles,ì„¸ì´ì…¸,ã‚»ãƒ¼ã‚·ã‚§ãƒ«,98347,Seychelles
YT,ğŸ‡¾ğŸ‡¹,Mayotte,ë§ˆìš”íŠ¸,ãƒãƒ¨ãƒƒãƒˆ,272815,Mayotte
RW,ğŸ‡·ğŸ‡¼,Rwanda,ë¥´ì™„ë‹¤,ãƒ«ãƒ¯ãƒ³ãƒ€,12952218,Rwanda
VI,ğŸ‡»ğŸ‡®,U.S. Virgin Islands,ë¯¸êµ­ë ¹ ë²„ì§„ì•„ì¼ëœë“œ,ã‚¢ãƒ¡ãƒªã‚«é ˜ãƒ´ã‚¡ãƒ¼ã‚¸ãƒ³è«¸å³¶,104425,U.S. Virgin Islands
GQ,ğŸ‡¬ğŸ‡¶,Equatorial Guinea,ì ë„ ê¸°ë‹ˆ,èµ¤é“ã‚®ãƒ‹ã‚¢,1402985,Equatorial Guinea
XK,ğŸ‡½ğŸ‡°,Kosovo,ì½”ì†Œë³´,ã‚³ã‚½ãƒœ,1810463,Kosovo
UZ,ğŸ‡ºğŸ‡¿,Uzbekistan,ìš°ì¦ˆë² í‚¤ìŠ¤íƒ„,ã‚¦ã‚ºãƒ™ã‚­ã‚¹ã‚¿ãƒ³,33469203,Uzbekistan
GU,ğŸ‡¬ğŸ‡º,Guam,ê´Œ,ã‚°ã‚¢ãƒ ,168775,Guam
CF,ğŸ‡¨ğŸ‡«,Central African Republic,ì¤‘ì•™ì•„í”„ë¦¬ì¹´ ê³µí™”êµ­,ä¸­å¤®ã‚¢ãƒ•ãƒªã‚«å…±å’Œå›½,4829767,CAR
CG,ğŸ‡¨ğŸ‡¬,Congo,ì½©ê³ ê³µí™”êµ­,ã‚³ãƒ³ã‚´å…±å’Œå›½,5518087,Congo
BS,ğŸ‡§ğŸ‡¸,Bahamas,ë°”í•˜ë§ˆ,ãƒãƒãƒ,393244,Bahamas
TZ,ğŸ‡¹ğŸ‡¿,Tanzania,íƒ„ìë‹ˆì•„,ã‚¿ãƒ³ã‚¶ãƒ‹ã‚¢,59734218,Tanzania
SO,ğŸ‡¸ğŸ‡´,Somalia,ì†Œë§ë¦¬ì•„,ã‚½ãƒãƒªã‚¢,15893222,Somalia
GL,ğŸ‡¬ğŸ‡±,Greenland,ê·¸ë¦°ë€ë“œ,ã‚°ãƒªãƒ¼ãƒ³ãƒ©ãƒ³ãƒ‰,56770,Greenland
LR,ğŸ‡±ğŸ‡·,Liberia,ë¼ì´ë² ë¦¬ì•„,ãƒªãƒ™ãƒªã‚¢,5057681,Liberia
BJ,ğŸ‡§ğŸ‡¯,Benin,ë² ëƒ‰,ãƒ™ãƒŠãƒ³,12123200,Benin
BB,ğŸ‡§ğŸ‡§,Barbados,ë°”ë² ì´ë„ìŠ¤,ãƒãƒ«ãƒãƒ‰ã‚¹,287375,Barbados
GM,ğŸ‡¬ğŸ‡²,Gambia,ê°ë¹„ì•„,ã‚¬ãƒ³ãƒ“ã‚¢,2416668,Gambia
KG,ğŸ‡°ğŸ‡¬,Kyrgyzstan,í‚¤ë¥´ê¸°ìŠ¤ìŠ¤íƒ„,ã‚­ãƒ«ã‚®ã‚¹,6524195,Kyrgyzstan
ME,ğŸ‡²ğŸ‡ª,Montenegro,ëª¬í…Œë„¤ê·¸ë¡œ,ãƒ¢ãƒ³ãƒ†ãƒã‚°ãƒ­,628066,Montenegro
MF,ğŸ‡²ğŸ‡«,Saint Martin,ì„¸ì¸íŠ¸ë§ˆí‹´ ì„¬,ã‚»ãƒ³ãƒˆãƒ»ãƒãƒ¼ãƒãƒ³å³¶,38666,Saint Martin
MS,ğŸ‡²ğŸ‡¸,Montserrat,ëª¬íŠ¸ì„¸ë«,ãƒ¢ãƒ³ã‚»ãƒ©ãƒ¼ãƒˆ,4992,Montserrat
ZM,ğŸ‡¿ğŸ‡²,Zambia,ì ë¹„ì•„,ã‚¶ãƒ³ãƒ“ã‚¢,18383955,Zambia
DJ,ğŸ‡©ğŸ‡¯,Djibouti,ì§€ë¶€í‹°,ã‚¸ãƒ–ãƒ,988000,Djibouti
NC,ğŸ‡³ğŸ‡¨,New Caledonia,ë‰´ì¹¼ë ˆë„ë‹ˆì•„,ãƒ‹ãƒ¥ãƒ¼ã‚«ãƒ¬ãƒ‰ãƒ‹ã‚¢,285498,New Caledonia
MU,ğŸ‡²ğŸ‡º,Mauritius,ëª¨ë¦¬ì…”ìŠ¤,ãƒ¢ãƒ¼ãƒªã‚·ãƒ£ã‚¹,1271768,Mauritius
BM,ğŸ‡§ğŸ‡²,Bermuda,ë²„ë®¤ë‹¤,ãƒãƒŸãƒ¥ãƒ¼ãƒ€,62278,Bermuda
SV,ğŸ‡¸ğŸ‡»,El Salvador,ì—˜ì‚´ë°”ë„ë¥´,ã‚¨ãƒ«ã‚µãƒ«ãƒãƒ‰ãƒ«,6486205,El Salvador
FJ,ğŸ‡«ğŸ‡¯,Fiji,í”¼ì§€,ãƒ•ã‚£ã‚¸ãƒ¼,896445,Fiji
NI,ğŸ‡³ğŸ‡®,Nicaragua,ë‹ˆì¹´ë¼ê³¼,ãƒ‹ã‚«ãƒ©ã‚°ã‚¢,6624554,Nicaragua
TD,ğŸ‡¹ğŸ‡©,Chad,ì°¨ë“œ,ãƒãƒ£ãƒ‰,16425864,Chad
IM,ğŸ‡®ğŸ‡²,Isle of Man,ë§¨ì„¬,ãƒãƒ³å³¶,85033,Isle of Man
NE,ğŸ‡³ğŸ‡ª,Niger,ë‹ˆì œë¥´,ãƒ‹ã‚¸ã‚§ãƒ¼ãƒ«,24206644,Niger
HT,ğŸ‡­ğŸ‡¹,Haiti,ì•„ì´í‹°,ãƒã‚¤ãƒ,11402528,Haiti
AO,ğŸ‡¦ğŸ‡´,Angola,ì•™ê³¨ë¼,ã‚¢ãƒ³ã‚´ãƒ©,32866272,Angola
CV,ğŸ‡¨ğŸ‡»,Cape Verde,ì¹´ë³´ë² ë¥´ë°,ã‚«ãƒ¼ãƒœãƒ™ãƒ«ãƒ‡,555987,Cabo Verde
SJ,ğŸ‡¸ğŸ‡¯,Svalbard,ìŠ¤ë°œë°”ë¥´ ì œë„,ã‚¹ãƒ´ã‚¡ãƒ¼ãƒ«ãƒãƒ«è«¸å³¶,2667,Svalbard
PG,ğŸ‡µğŸ‡¬,Papua New Guinea,íŒŒí‘¸ì•„ë‰´ê¸°ë‹ˆ,ãƒ‘ãƒ—ã‚¢ãƒ‹ãƒ¥ãƒ¼ã‚®ãƒ‹ã‚¢,8947024,Papua New Guinea
MG,ğŸ‡²ğŸ‡¬,Madagascar,ë§ˆë‹¤ê°€ìŠ¤ì¹´ë¥´,ãƒãƒ€ã‚¬ã‚¹ã‚«ãƒ«,27691018,Madagascar
ZW,ğŸ‡¿ğŸ‡¼,Zimbabwe,ì§ë°”ë¸Œì›¨,ã‚¸ãƒ³ãƒãƒ–ã‚¨,14862924,Zimbabwe
TL,ğŸ‡¹ğŸ‡±,East Timor,ë™í‹°ëª¨ë¥´,æ±ãƒ†ã‚£ãƒ¢ãƒ¼ãƒ«,1318445,Timor-Leste
ER,ğŸ‡ªğŸ‡·,Eritrea,ì—ë¦¬íŠ¸ë ˆì•„,ã‚¨ãƒªãƒˆãƒªã‚¢,3546421,Eritrea
UG,ğŸ‡ºğŸ‡¬,Uganda,ìš°ê°„ë‹¤,ã‚¦ã‚¬ãƒ³ãƒ€,45741007,Uganda
MZ,ğŸ‡²ğŸ‡¿,Mozambique,ëª¨ì ë¹„í¬,ãƒ¢ã‚¶ãƒ³ãƒ“ãƒ¼ã‚¯,31255435,Mozambique
GD,ğŸ‡¬ğŸ‡©,Grenada,ê·¸ë ˆë‚˜ë‹¤,ã‚°ãƒ¬ãƒŠãƒ€,112523,Grenada
DM,ğŸ‡©ğŸ‡²,Dominica,ë„ë¯¸ë‹ˆì¹´ ì—°ë°©,ãƒ‰ãƒŸãƒ‹ã‚«å›½,71986,Dominica
SY,ğŸ‡¸ğŸ‡¾,Syria,ì‹œë¦¬ì•„,ã‚·ãƒªã‚¢,17500658,Syria
TC,ğŸ‡¹ğŸ‡¨,Turks and Caicos Islands,í„°í¬ìŠ¤ ì¼€ì´ì»¤ìŠ¤ ì œë„,ã‚¿ãƒ¼ã‚¯ã‚¹ãƒ»ã‚«ã‚¤ã‚³ã‚¹è«¸å³¶,38717,Turks and Caicos
BZ,ğŸ‡§ğŸ‡¿,Belize,ë²¨ë¦¬ì¦ˆ,ãƒ™ãƒªãƒ¼ã‚º,397628,Belize
MM,ğŸ‡²ğŸ‡²,Myanmar,ë¯¸ì–€ë§ˆ,ãƒŸãƒ£ãƒ³ãƒãƒ¼,54409800,Myanmar
LA,ğŸ‡±ğŸ‡¦,Laos,ë¼ì˜¤ìŠ¤,ãƒ©ã‚ªã‚¹,7275560,Laos
LY,ğŸ‡±ğŸ‡¾,Libya,ë¦¬ë¹„ì•„,ãƒªãƒ“ã‚¢,6871292,Libya
GW,ğŸ‡¬ğŸ‡¼,Guinea-Bissau,ê¸°ë‹ˆë¹„ì‚¬ìš°,ã‚®ãƒ‹ã‚¢ãƒ“ã‚µã‚¦,1968001,Guinea-Bissau
ML,ğŸ‡²ğŸ‡±,Mali,ë§ë¦¬,ãƒãƒª,20250833,Mali
VG,ğŸ‡»ğŸ‡¬,British Virgin Islands,ì˜êµ­ë ¹ ë²„ì§„ì•„ì¼ëœë“œ,ã‚¤ã‚®ãƒªã‚¹é ˜ãƒ´ã‚¡ãƒ¼ã‚¸ãƒ³è«¸å³¶,30231,British Virgin Islands
XN,ğŸ‡°ğŸ‡³,Saint Kitts and Nevis,ì„¸ì¸íŠ¸í‚¤ì¸  ë„¤ë¹„ìŠ¤,ã‚»ãƒ³ãƒˆã‚­ãƒƒãƒ„ãƒ»ãƒãƒ¼ãƒ“ã‚¹,53199,Saint Kitts and Nevis
AI,ğŸ‡¦ğŸ‡®,Anguilla,ì•µê·ˆë¼,ã‚¢ãƒ³ã‚®ãƒ©,15003,Anguilla
BW,ğŸ‡§ğŸ‡¼,Botswana,ë³´ì¸ ì™€ë‚˜,ãƒœãƒ„ãƒ¯ãƒŠ,2351627,Botswana
SL,ğŸ‡¸ğŸ‡±,Sierra Leone,ì‹œì—ë¼ë¦¬ì˜¨,ã‚·ã‚¨ãƒ©ãƒ¬ã‚ªãƒ,7976983,Sierra Leone
BI,ğŸ‡§ğŸ‡®,Burundi,ë¶€ë£¬ë””,ãƒ–ãƒ«ãƒ³ã‚¸,11890784,Burundi
MW,ğŸ‡²ğŸ‡¼,Malawi,ë§ë¼ìœ„,ãƒãƒ©ã‚¦ã‚¤,19129952,Malawi
FK,ğŸ‡«ğŸ‡°,Falkland Islands,í¬í´ëœë“œ ì œë„,ãƒ•ã‚©ãƒ¼ã‚¯ãƒ©ãƒ³ãƒ‰è«¸å³¶,3480,Falkland Islands
EH,ğŸ‡ªğŸ‡­,Western Sahara,ì„œì‚¬í•˜ë¼,è¥¿ã‚µãƒãƒ©,597339,Western Sahara
SS,ğŸ‡¸ğŸ‡¸,South Sudan,ë‚¨ìˆ˜ë‹¨,å—ã‚¹ãƒ¼ãƒ€ãƒ³,11193725,South Sudan
PM,ğŸ‡µğŸ‡²,Saint Pierre Miquelon,ìƒí”¼ì—ë¥´ ë¯¸í´ë¡±,ã‚µãƒ³ãƒ”ã‚¨ãƒ¼ãƒ«å³¶ãƒ»ãƒŸã‚¯ãƒ­ãƒ³å³¶,5794,Saint Pierre Miquelon
ST,ğŸ‡¸ğŸ‡¹,Sao Tome and Principe,ìƒíˆ¬ë©” í”„ë¦°ì‹œí˜,ã‚µãƒ³ãƒˆãƒ¡ãƒ»ãƒ—ãƒªãƒ³ã‚·ãƒš,219159,Sao Tome and Principe
YE,ğŸ‡¾ğŸ‡ª,Yemen,ì˜ˆë©˜,ã‚¤ã‚¨ãƒ¡ãƒ³,29825964,Yemen
TJ,ğŸ‡¹ğŸ‡¯,Tajikistan,íƒ€ì§€í‚¤ìŠ¤íƒ„,ã‚¿ã‚¸ã‚­ã‚¹ã‚¿ãƒ³,9537645,Tajikistan
KM,ğŸ‡°ğŸ‡²,Comoros,ì½”ëª¨ë¡œ,ã‚³ãƒ¢ãƒ­,869601,Comoros
LS,ğŸ‡±ğŸ‡¸,Lesotho,ë ˆì†Œí† ,ãƒ¬ã‚½ãƒˆ,2142249,Lesotho
SB,ğŸ‡¸ğŸ‡§,Solomon Islands,ì†”ë¡œëª¬ ì œë„,ã‚½ãƒ­ãƒ¢ãƒ³è«¸å³¶,686884,Solomon Islands
WF,ğŸ‡¼ğŸ‡«,Wallis and Futuna,ì™ˆë¦¬ìŠ¤ í“Œí‹°ë‚˜,ã‚¦ã‚©ãƒªã‚¹ãƒ»ãƒ•ãƒ„ãƒŠ,0,Wallis and Futuna
MH,ğŸ‡²ğŸ‡­,Marshall Islands,ë§ˆì…œ ì œë„,ãƒãƒ¼ã‚·ãƒ£ãƒ«è«¸å³¶,59190,Marshall Islands
VU,ğŸ‡»ğŸ‡º,Vanuatu,ë°”ëˆ„ì•„íˆ¬,ãƒãƒŒã‚¢ãƒ„,307145,Vanuatu
WS,ğŸ‡¼ğŸ‡¸,Samoa,ì‚¬ëª¨ì•„,ã‚µãƒ¢ã‚¢,198414,Samoa
FM,ğŸ‡«ğŸ‡²,Micronesia,ë¯¸í¬ë¡œë„¤ì‹œì•„,ãƒŸã‚¯ãƒ­ãƒã‚·ã‚¢,115023,Micronesia
SH,ğŸ‡¸ğŸ‡­,Saint Helena,ì„¸ì¸íŠ¸í—¬ë ˆë‚˜,	ã‚»ãƒ³ãƒˆãƒ˜ãƒ¬ãƒŠ,6077,Saint Helena
PW,ğŸ‡µğŸ‡¼,Palau,íŒ”ë¼ìš°,ãƒ‘ãƒ©ã‚ª,18094,Palau
TO,ğŸ‡¹ğŸ‡´,Tonga,í†µê°€,ãƒˆãƒ³ã‚¬,105695,Tonga
KI,ğŸ‡°ğŸ‡®,Kiribati,í‚¤ë¦¬ë°”ì‹œ,ã‚­ãƒªãƒã‚¹,119449,Kiribati
